algorithm,dataset,n,k,runtime_seconds,memory_mb,silhouette_score
KMeans,Synthetic,200,3,1.7662031650543213,0.2942781448364258,0.8467003894636074
KMeans,Synthetic,500,3,0.0070760250091552734,0.0579833984375,0.8437565906781406
KMeans,Synthetic,1000,3,0.009871959686279297,0.10711097717285156,0.8435705873891368
KMeans,Synthetic,2000,3,0.009903192520141602,0.2062082290649414,0.8417142141078933
